,Unnamed: 0,Unnamed: 0.1,name,score
0,0.0,,azat,6.998464211937971
0,,,nariman,5.646223448216915
